{
  "stage": "01-baseline-sync-insert",
  "duration": 32.988832477,
  "throughput": {
    "totalRequests": 5000,
    "requestsPerSec": 151.56644308300477,
    "bytesPerSec": 0,
    "failedRequests": 0
  },
  "latency": {
    "min": 4.500237000000197,
    "max": 17.93844900000113,
    "avg": 6.595768971200017,
    "p50": 6.4898209999992105,
    "p95": 7.727320000001782,
    "p99": 9.108308000000761,
    "p999": 12.411129000000074
  },
  "system": {
    "avgMemoryHeapMB": 17.95963829991303,
    "peakMemoryHeapMB": 29.032608032226562,
    "avgEventLoopLagMs": 10.147017106648759
  },
  "description": "Baseline: Synchronous ClickHouse inserts (async_insert=0)"
}