{
  "stage": "01-baseline-sync-insert",
  "duration": 42.951026217000006,
  "throughput": {
    "totalRequests": 5000,
    "requestsPerSec": 116.41165393205439,
    "bytesPerSec": 0,
    "failedRequests": 0
  },
  "latency": {
    "min": 5.712912000002689,
    "max": 85.88402700000006,
    "avg": 8.587931172799967,
    "p50": 8.273054000004777,
    "p95": 10.766853000000083,
    "p99": 12.950449999996636,
    "p999": 52.04721900000004
  },
  "system": {
    "avgMemoryHeapMB": 18.477322836902655,
    "peakMemoryHeapMB": 28.970870971679688,
    "avgEventLoopLagMs": 10.144504101278775
  },
  "description": "Baseline: Synchronous ClickHouse inserts (async_insert=0)"
}