{
  "stage": "01-baseline-sync-insert",
  "duration": 33.390096613000004,
  "throughput": {
    "totalRequests": 5000,
    "requestsPerSec": 149.74499948147243,
    "bytesPerSec": 0,
    "failedRequests": 0
  },
  "latency": {
    "min": 4.617021999998542,
    "max": 43.87633199999982,
    "avg": 6.676030627800002,
    "p50": 6.445094000000154,
    "p95": 8.269105999999994,
    "p99": 10.674213999999665,
    "p999": 23.995311000000584
  },
  "system": {
    "avgMemoryHeapMB": 17.9301736276071,
    "peakMemoryHeapMB": 29.03459930419922,
    "avgEventLoopLagMs": 10.136370373494076
  },
  "description": "Baseline: Synchronous ClickHouse inserts (async_insert=0)"
}