{
  "stage": "02-fire-and-forget",
  "duration": 5.058678634,
  "throughput": {
    "totalRequests": 5000,
    "requestsPerSec": 988.4004029025261,
    "bytesPerSec": 0,
    "failedRequests": 0
  },
  "latency": {
    "min": 0.020507000000009157,
    "max": 11.810917000000018,
    "avg": 0.04678586260000054,
    "p50": 0.0307809999999904,
    "p95": 0.059629000000029464,
    "p99": 0.12995300000000043,
    "p999": 6.173928999999987
  },
  "system": {
    "avgMemoryHeapMB": 88.53041740085767,
    "peakMemoryHeapMB": 137.1265869140625,
    "avgEventLoopLagMs": null
  },
  "description": "Fire-and-Forget: Validate (sync) → Insert (async, no wait)"
}