{
  "stage": "02-fire-and-forget",
  "duration": 3.845181759,
  "throughput": {
    "totalRequests": 5000,
    "requestsPerSec": 1300.3286485215015,
    "bytesPerSec": 0,
    "failedRequests": 0
  },
  "latency": {
    "min": 0.01975300000003699,
    "max": 6.4639720000000125,
    "avg": 0.039458686999999694,
    "p50": 0.03020299999997178,
    "p95": 0.0483289999999954,
    "p99": 0.07925800000001004,
    "p999": 3.798166999999978
  },
  "system": {
    "avgMemoryHeapMB": 90.70789010184151,
    "peakMemoryHeapMB": 134.75420379638672,
    "avgEventLoopLagMs": null
  },
  "description": "Fire-and-Forget: Validate (sync) → Insert (async, no wait)"
}