{
  "stage": "03-coalescing-plus-fire-and-forget",
  "duration": 2.043002613,
  "throughput": {
    "totalRequests": 5000,
    "requestsPerSec": 2447.378171806577,
    "bytesPerSec": 0,
    "failedRequests": 0
  },
  "latency": {
    "min": 12.531540000000007,
    "max": 35.04069799999999,
    "avg": 29.260050004800014,
    "p50": 30.369263999999987,
    "p95": 34.89526599999999,
    "p99": 34.99486000000002,
    "p999": 35.019048
  },
  "system": {
    "avgMemoryHeapMB": 15.195764541625977,
    "peakMemoryHeapMB": 15.2601318359375,
    "avgEventLoopLagMs": 10.77711438390352
  },
  "description": "Coalescing + Fire-and-Forget (cumulative on Stage 02)"
}