{
  "stage": "03-coalescing-plus-fire-and-forget",
  "duration": 2.028276398,
  "throughput": {
    "totalRequests": 5000,
    "requestsPerSec": 2465.147257509033,
    "bytesPerSec": 0,
    "failedRequests": 0
  },
  "latency": {
    "min": 13.921631999999988,
    "max": 24.01209400000002,
    "avg": 19.518701152200002,
    "p50": 20.944508000000013,
    "p95": 23.59445599999998,
    "p99": 23.670583000000022,
    "p999": 23.884296999999975
  },
  "system": {
    "avgMemoryHeapMB": 11.207940292358398,
    "peakMemoryHeapMB": 11.27362060546875,
    "avgEventLoopLagMs": 10.369045814429686
  },
  "description": "Coalescing + Fire-and-Forget (cumulative on Stage 02)"
}