{
  "stage": "04-full-pipeline",
  "duration": 0.27901652299999996,
  "throughput": {
    "totalRequests": 5000,
    "requestsPerSec": 17920.085686108276,
    "bytesPerSec": 0,
    "failedRequests": 0
  },
  "latency": {
    "min": 134.057835,
    "max": 137.520623,
    "avg": 135.9620954263999,
    "p50": 136.43221100000002,
    "p95": 137.094262,
    "p99": 137.18696100000003,
    "p999": 137.41009100000002
  },
  "system": {
    "avgMemoryHeapMB": 21.143993377685547,
    "peakMemoryHeapMB": 21.28527069091797,
    "avgEventLoopLagMs": 23.413248
  },
  "pipeline": {
    "consumedLogs": 5000,
    "consumerErrors": 0,
    "description": "Coalescing → Redis Streams → ClickHouse (full end-to-end)"
  }
}