{
  "stage": "04-full-pipeline",
  "duration": 0.20796842799999996,
  "throughput": {
    "totalRequests": 5000,
    "requestsPerSec": 24042.11085348013,
    "bytesPerSec": 0,
    "failedRequests": 0
  },
  "latency": {
    "min": 98.79261600000001,
    "max": 103.212246,
    "avg": 101.24665953720037,
    "p50": 101.717488,
    "p95": 102.76440400000007,
    "p99": 102.85287499999998,
    "p999": 103.07940100000002
  },
  "system": {
    "avgMemoryHeapMB": 24.174842834472656,
    "peakMemoryHeapMB": 24.277122497558594,
    "avgEventLoopLagMs": 16.711424
  },
  "pipeline": {
    "consumedLogs": 5000,
    "consumerErrors": 0,
    "description": "Coalescing → Redis Streams → ClickHouse (full end-to-end)"
  }
}