{
  "stage": "05-full-pipeline-with-workers",
  "duration": 0.1468854100000001,
  "throughput": {
    "totalRequests": 5000,
    "requestsPerSec": 34040.14054220903,
    "bytesPerSec": 0,
    "failedRequests": 0
  },
  "latency": {
    "min": 138.83023100000014,
    "max": 143.07321000000002,
    "avg": 141.11854059799964,
    "p50": 141.54656999999997,
    "p95": 142.61236099999996,
    "p99": 142.69915100000003,
    "p999": 142.88656400000013
  },
  "system": {
    "avgMemoryHeapMB": 29.695327758789062,
    "peakMemoryHeapMB": 29.695327758789062,
    "avgEventLoopLagMs": 10.674526085470086
  },
  "pipeline": {
    "consumedLogs": 5000,
    "description": "RequestManager → Redis Streams → Worker Threads → ClickHouse"
  }
}