{
  "stage": "05-full-pipeline-with-workers",
  "duration": 2.0378810649999997,
  "throughput": {
    "totalRequests": 50000,
    "requestsPerSec": 24535.288569453394,
    "bytesPerSec": 0,
    "failedRequests": 0
  },
  "latency": {
    "min": 281.527552,
    "max": 1968.574512,
    "avg": 1753.4441951998415,
    "p50": 1905.7714790000002,
    "p95": 1965.2809330000002,
    "p99": 1967.898565,
    "p999": 1968.4215720000002
  },
  "system": {
    "avgMemoryHeapMB": 160.44781351089478,
    "peakMemoryHeapMB": 181.96914672851562,
    "avgEventLoopLagMs": 12.84219876072413
  },
  "pipeline": {
    "consumedLogs": 0,
    "description": "RequestManager → Redis Streams → Worker Threads → ClickHouse"
  }
}